item_id,size,quality,cup_size,hips,bra_size,height_cm,user_name,length,fit,tokens,bio_tags,sentiment_tags
539980,8,3.0,b,,34,170.18,asamyscott,slightly short,fit,"['my', 'only', 'complaint', 'is', 'that', 'the', 'sleeves', 'are', 'a', 'bit', 'short', 'but', 'i', 'do', 'have', 'longish', 'arms', '!']","['O', 'O', 'O', 'O', 'O', 'O', 'B-sleeve', 'O', 'O', 'O', 'O', 'O', 'O', 'O', 'O', 'O', 'O', 'O']","['O', 'O', 'O', 'O', 'O', 'O', 'B-negative', 'O', 'O', 'O', 'O', 'O', 'O', 'O', 'O', 'O', 'O', 'O']"
539980,12,3.0,d,39.0,34,165.1,shlycrader,just right,small,"['it', 'runs', 'a', 'little', 'smaller', '.']","['O', 'O', 'O', 'O', 'B-overall_indirect', 'O']","['O', 'O', 'O', 'O', 'B-negative', 'O']"
539980,12,3.0,b,38.0,36,165.1,veronica.hsia,just right,fit,"['perfect', 'length', 'and', 'hangs', 'well', 'on', 'me', '.', 'i', 'have', 'got', 'very', 'broad', 'shoulders', 'so', 'the', 'l', 'was', 'perfect', '.']","['O', 'B-length', 'O', 'O', 'O', 'O', 'O', 'O', 'O', 'O', 'O', 'O', 'O', 'B-shoulder', 'O', 'O', 'O', 'O', 'O', 'O']","['O', 'O', 'O', 'O', 'O', 'O', 'O', 'O', 'O', 'O', 'O', 'O', 'O', 'B-positive', 'O', 'O', 'O', 'O', 'O', 'O']"
539980,4,4.0,d,33.0,34,160.02,Aubrey,just right,fit,"['it', 'fits', 'well', 'in', 'the', 'waist', 'but', 'with', 'no', 'gaping', 'buttons', 'at', 'the', 'bust.a', 'good', 'wardrobe', 'staple', '.']","['O', 'O', 'O', 'O', 'O', 'B-waist', 'O', 'O', 'O', 'O', 'O', 'O', 'O', 'B-chest', 'O', 'O', 'O', 'O']","['O', 'O', 'O', 'O', 'O', 'B-positive', 'O', 'O', 'O', 'O', 'O', 'O', 'O', 'B-positive', 'O', 'O', 'O', 'O']"
539980,12,3.0,d,,32,175.26,ailiek,just right,small,"['runs', 'small', 'so', 'i', 'would', 'want', 'to', 'size', 'up', '.', 'i', 'would', 'normally', 'get', 'm', 'but', 'went', 'for', 'the', 'l', 'and', 'it', 'fits', 'well']","['O', 'B-overall_indirect', 'O', 'O', 'O', 'O', 'O', 'O', 'O', 'O', 'O', 'O', 'O', 'O', 'O', 'O', 'O', 'O', 'O', 'O', 'O', 'O', 'B-overall', 'O']","['O', 'B-negative', 'O', 'O', 'O', 'O', 'O', 'O', 'O', 'O', 'O', 'O', 'O', 'O', 'O', 'O', 'O', 'O', 'O', 'O', 'O', 'O', 'B-positive', 'O']"
539980,12,5.0,c,36.0,36,160.02,sierrahrae19,just right,fit,"['i', 'ordered', 'mine', 'in', 'large', 'even', 'though', 'i', 'wear', 'a', 'small', 'because', 'i', 'like', 'my', 'cardigans', 'to', 'be', 'loose', 'fitting', '.']","['O', 'O', 'O', 'O', 'O', 'O', 'O', 'O', 'O', 'O', 'O', 'O', 'O', 'O', 'O', 'O', 'O', 'O', 'O', 'B-overall_indirect', 'O']","['O', 'O', 'O', 'O', 'O', 'O', 'O', 'O', 'O', 'O', 'O', 'O', 'O', 'O', 'O', 'O', 'O', 'O', 'O', 'B-neutral', 'O']"
539980,20,5.0,d,,40,175.26,muriel.kiernan,very short,small,"['the', 'length', 'was', 'also', 'too', 'short', 'for', 'me', '.']","['O', 'B-length', 'O', 'O', 'O', 'O', 'O', 'O', 'O']","['O', 'O', 'O', 'O', 'O', 'O', 'O', 'O', 'O']"
539980,4,5.0,c,35.0,32,170.18,m5l9m9585,just right,small,"['the', 'only', 'issue', 'i', 'have', 'with', 'it', 'is', 'that', 'it', 'is', 'a', 'little', 'small', 'when', 'the', 'buttons', 'are', 'together', ',', 'but', 'if', 'it', 'is', 'just', 'open', '(', 'how', 'i', 'usually', 'wear', 'cardigans', ')', 'then', 'it', 'looks', 'great', '!']","['O', 'O', 'O', 'O', 'O', 'O', 'O', 'O', 'O', 'O', 'O', 'O', 'O', 'O', 'O', 'O', 'O', 'O', 'O', 'O', 'O', 'O', 'O', 'O', 'O', 'B-overall', 'O', 'O', 'O', 'O', 'O', 'O', 'O', 'O', 'O', 'O', 'O', 'O']","['O', 'O', 'O', 'O', 'O', 'O', 'O', 'O', 'O', 'O', 'O', 'O', 'O', 'O', 'O', 'O', 'O', 'O', 'O', 'O', 'O', 'O', 'O', 'O', 'O', 'B-positive', 'O', 'O', 'O', 'O', 'O', 'O', 'O', 'O', 'O', 'O', 'O', 'O']"
539980,12,4.0,c,,36,175.26,Mary,just right,fit,"['great', 'fit', 'and', 'the', 'sleeves', 'are', 'just', 'right', 'to', 'wear', 'over', 'tanks', 'and', 'dresses', 'in', 'the', 'cooler', 'months', '.']","['O', 'B-overall', 'O', 'O', 'B-sleeve', 'O', 'O', 'O', 'O', 'O', 'O', 'O', 'O', 'O', 'O', 'O', 'O', 'O', 'O']","['O', 'B-positive', 'O', 'O', 'B-positive', 'O', 'O', 'O', 'O', 'O', 'O', 'O', 'O', 'O', 'O', 'O', 'O', 'O', 'O']"
539980,8,5.0,b,,32,167.64,Katlin,slightly short,small,"['i', 'feel', 'that', 'it', 'is', 'a', 'little', 'short', 'and', 'on', 'the', 'smaller', 'side', '.']","['O', 'O', 'O', 'O', 'O', 'O', 'O', 'B-length', 'O', 'O', 'O', 'B-overall', 'O', 'O']","['O', 'O', 'O', 'O', 'O', 'O', 'O', 'B-negative', 'O', 'O', 'O', 'B-negative', 'O', 'O']"
539980,8,2.0,d,35.0,34,170.18,mpietrowiak,just right,large,"['my', 'sweater', 'was', 'quite', 'large', 'in', 'the', 'shoulders', 'and', 'waist', '.']","['O', 'O', 'O', 'O', 'O', 'O', 'O', 'B-shoulder', 'O', 'B-waist', 'O']","['O', 'O', 'O', 'O', 'O', 'O', 'O', 'B-negative', 'O', 'B-negative', 'O']"
539980,8,3.0,b,33.0,34,170.18,TIffany,just right,large,"['it', 'is', 'a', 'little', 'big', 'on', 'me', 'and', 'the', 'cardigan', 'started', 'to', 'pill', 'after', 'a', 'few', 'washes', ',', 'but', 'it', 'is', 'over', 'a', 'year', 'later', 'and', 'i', 'still', 'love', 'it', '!']","['O', 'O', 'O', 'O', 'B-overall', 'O', 'O', 'O', 'O', 'O', 'O', 'O', 'O', 'O', 'O', 'O', 'O', 'O', 'O', 'O', 'O', 'O', 'O', 'O', 'O', 'O', 'O', 'O', 'O', 'O', 'O']","['O', 'O', 'O', 'O', 'B-negative', 'O', 'O', 'O', 'O', 'O', 'O', 'O', 'O', 'O', 'O', 'O', 'O', 'O', 'O', 'O', 'O', 'O', 'O', 'O', 'O', 'O', 'O', 'O', 'O', 'O', 'O']"
539980,26,3.0,dd/e,50.0,38,172.72,kennaroe,just right,small,"['i', 'was', 'surprised', 'at', 'how', 'small', 'it', 'was', 'though', ';', 'not', 'small', 'enough', 'to', 'send', 'back', ',', 'but', 'it', 'is', 'unbuttonable', '.']","['O', 'O', 'O', 'O', 'O', 'B-overall', 'O', 'O', 'O', 'O', 'O', 'O', 'O', 'O', 'O', 'O', 'O', 'O', 'O', 'O', 'B-buttoned', 'O']","['O', 'O', 'O', 'O', 'O', 'B-negative', 'O', 'O', 'O', 'O', 'O', 'O', 'O', 'O', 'O', 'O', 'O', 'O', 'O', 'O', 'B-negative', 'O']"
539980,20,3.0,dd/e,46.0,36,182.88,aklein00288,just right,large,"['almost', 'wish', 'they', 'had', 'an', 'xl', 'available', 'at', 'the', 'time', 'because', 'it', 'is', 'a', 'little', 'big', 'on', 'me', '.', 'no', 'big', 'deal', 'though', '!']","['O', 'O', 'O', 'O', 'O', 'O', 'O', 'O', 'O', 'O', 'O', 'O', 'O', 'O', 'O', 'B-overall', 'O', 'O', 'O', 'O', 'O', 'O', 'O', 'O']","['O', 'O', 'O', 'O', 'O', 'O', 'O', 'O', 'O', 'O', 'O', 'O', 'O', 'O', 'O', 'B-negative', 'O', 'O', 'O', 'O', 'B-negative', 'O', 'O', 'O']"
539980,32,2.0,ddd/f,52.0,42,160.02,deannajenkins13,slightly short,small,"['i', 'wear', 'a', '2', 'or', '3x', 'in', 'everything', ',', 'depending', 'on', 'how', 'snug', 'or', 'loose', 'i', 'want', 'it', 'to', 'fit', '.', 'this', 'runs', 'extremely', 'small', '!']","['O', 'O', 'O', 'O', 'O', 'O', 'O', 'O', 'O', 'O', 'O', 'O', 'O', 'O', 'O', 'O', 'O', 'O', 'O', 'B-overall', 'O', 'O', 'O', 'O', 'B-overall', 'O']","['O', 'O', 'O', 'O', 'O', 'O', 'O', 'O', 'O', 'O', 'O', 'O', 'O', 'O', 'O', 'O', 'O', 'O', 'O', 'B-neutral', 'O', 'O', 'O', 'O', 'B-negative', 'O']"
539980,12,3.0,dd/e,39.0,32,154.94,Katy,slightly long,large,"['it', 'is', 'very', 'big', 'and', 'roomy', '.', 'i', 'wanted', 'something', 'a', 'little', 'more', 'form', 'fitting', 'but', 'i', 'kept', 'it', '.']","['O', 'O', 'O', 'B-overall', 'O', 'O', 'O', 'O', 'O', 'O', 'O', 'O', 'O', 'O', 'B-overall_indirect', 'O', 'O', 'O', 'O', 'O']","['O', 'O', 'O', 'B-negative', 'O', 'O', 'O', 'O', 'O', 'O', 'O', 'O', 'O', 'O', 'B-negative', 'O', 'O', 'O', 'O', 'O']"
539980,12,3.0,b,,36,170.18,hannahlmarko,just right,fit,"['my', 'only', 'complaint', 'is', 'that', 'the', 'sleeves', 'get', 'really', 'loose', 'and', 'worn', 'in', 'quickly', '.']","['O', 'O', 'O', 'O', 'O', 'O', 'B-sleeve', 'O', 'O', 'O', 'O', 'O', 'O', 'O', 'O']","['O', 'O', 'O', 'O', 'O', 'O', 'B-negative', 'O', 'O', 'O', 'O', 'O', 'O', 'O', 'O']"
539980,8,3.0,d,39.0,34,160.02,ktherrmann,just right,large,"['according', 'to', 'modcloth', ""'s"", 'size', 'chart', 'i', 'ordered', 'a', 'medium', ',', 'but', 'i', 'think', 'it', 'looks', 'slightly', 'too', 'baggy', 'for', 'the', 'style', 'cardigan', 'that', 'it', 'is', '.']","['O', 'O', 'O', 'O', 'O', 'O', 'O', 'O', 'O', 'O', 'O', 'O', 'O', 'O', 'O', 'O', 'O', 'O', 'B-overall', 'O', 'O', 'O', 'O', 'O', 'O', 'O', 'O']","['O', 'O', 'O', 'O', 'O', 'O', 'O', 'O', 'O', 'O', 'O', 'O', 'O', 'O', 'O', 'O', 'O', 'O', 'B-negative', 'O', 'O', 'O', 'O', 'O', 'O', 'O', 'O']"
539980,26,3.0,c,43.0,38,177.8,naomi.endsley,just right,small,"['because', 'i', 'like', 'my', 'cardigans', 'oversized', 'i', 'could', 'have', 'gone', 'up', 'another', 'size', 'i', 'think', 'but', 'this', 'size', 'fits', 'perfectly', 'if', 'i', 'want', 'to', 'button', 'it', 'up', '(', 'i', 'just', 'marked', 'it', 'a', 'bit', 'small', 'because', 'normally', 'i', 'prefer', 'my', 'cardigans', 'a', 'bit', 'larger', ')', '.']","['O', 'O', 'O', 'O', 'O', 'O', 'O', 'O', 'O', 'O', 'O', 'O', 'O', 'O', 'O', 'O', 'O', 'O', 'B-overall', 'O', 'O', 'O', 'O', 'O', 'O', 'O', 'O', 'O', 'O', 'O', 'O', 'O', 'O', 'O', 'O', 'O', 'O', 'O', 'O', 'O', 'O', 'O', 'O', 'B-overall_indirect', 'O', 'O']","['O', 'O', 'O', 'O', 'O', 'O', 'O', 'O', 'O', 'O', 'O', 'O', 'O', 'O', 'O', 'O', 'O', 'O', 'B-positive', 'O', 'O', 'O', 'O', 'O', 'O', 'O', 'O', 'O', 'O', 'O', 'O', 'O', 'O', 'O', 'O', 'O', 'O', 'O', 'O', 'O', 'O', 'O', 'O', 'B-negative', 'O', 'O']"
539980,38,5.0,ddd/f,46.0,42,177.8,onionsniper,just right,small,"['the', 'fit', 'is', 'odd', ';', 'i', 'expected', 'this', 'to', 'be', 'baggy', 'on', 'me', 'but', 'it', 'fits', 'tight', '.']","['O', 'B-overall', 'O', 'O', 'O', 'O', 'O', 'O', 'O', 'O', 'O', 'O', 'O', 'O', 'O', 'B-overall', 'O', 'O']","['O', 'O', 'O', 'O', 'O', 'O', 'O', 'O', 'O', 'O', 'O', 'O', 'O', 'O', 'O', 'B-negative', 'O', 'O']"
539980,20,4.0,dddd/g,,38,165.1,candacecshaw,just right,fit,"['i', 'have', 'a', 'very', 'large', 'chest', 'so', 'i', 'have', 'to', 'size', 'up', 'to', 'xl', 'for', 'it', 'to', 'button', 'properly', 'although', 'i', 'also', 'own', 'other', 'colors', 'in', 'l', 'and', 'they', 'fit', 'fine', 'unbuttoned', '.']","['O', 'O', 'O', 'O', 'O', 'B-chest', 'O', 'O', 'O', 'O', 'O', 'O', 'O', 'O', 'O', 'O', 'O', 'B-buttoned', 'O', 'O', 'O', 'O', 'O', 'O', 'O', 'O', 'O', 'O', 'O', 'O', 'O', 'O', 'O']","['O', 'O', 'O', 'O', 'O', 'B-positive', 'O', 'O', 'O', 'O', 'O', 'O', 'O', 'O', 'O', 'O', 'O', 'B-positive', 'O', 'O', 'O', 'O', 'O', 'O', 'O', 'O', 'O', 'O', 'O', 'O', 'O', 'O', 'O']"
539980,32,4.0,i,52.0,42,177.8,queencitycooperative,just right,small,"['sleeves', 'are', 'a', 'little', 'snug', ',', 'due', 'to', 'my', 'bust', 'size', 'it', 'will', 'not', 'look', 'good', 'buttoned', 'on', 'me', ',', 'but', 'is', 'fine', 'as', 'an', 'open', 'cardigan', '.']","['B-sleeve', 'O', 'O', 'O', 'O', 'O', 'O', 'O', 'O', 'O', 'O', 'O', 'O', 'O', 'O', 'O', 'B-buttoned', 'O', 'O', 'O', 'O', 'O', 'O', 'O', 'O', 'O', 'O', 'O']","['O', 'O', 'O', 'O', 'O', 'O', 'O', 'O', 'O', 'O', 'O', 'O', 'O', 'O', 'O', 'O', 'B-negative', 'O', 'O', 'O', 'O', 'O', 'O', 'O', 'O', 'O', 'O', 'O']"
539980,20,3.0,dd/e,35.0,40,177.8,xscape96,very short,small,"['the', 'fit', 'was', 'not', 'right', '.', 'it', 'ran', 'very', 'small', '.']","['O', 'B-overall', 'O', 'O', 'O', 'O', 'O', 'O', 'O', 'B-overall', 'O']","['O', 'B-negative', 'O', 'O', 'O', 'O', 'O', 'O', 'O', 'B-negative', 'O']"
539980,12,5.0,c,40.0,34,167.64,kmarie6,just right,fit,"['fits', 'great', ',', 'can', 'button', 'up', ',', 'just', 'do', 'the', 'top', 'button', ',', 'or', 'keep', 'open', '.']","['B-overall', 'O', 'O', 'O', 'O', 'O', 'O', 'O', 'O', 'O', 'O', 'O', 'O', 'O', 'O', 'O', 'O']","['O', 'O', 'O', 'O', 'O', 'O', 'O', 'O', 'O', 'O', 'O', 'O', 'O', 'O', 'O', 'O', 'O']"
539980,12,2.0,c,39.0,36,157.48,ligagato2003,just right,fit,"['the', 'fit', 'was', 'like', 'a', 'glove', 'even', 'though', 'i', 'am', 'petite', 'in', 'my', 'arm', 'length', '.']","['O', 'B-overall', 'O', 'O', 'O', 'O', 'O', 'O', 'O', 'O', 'O', 'O', 'O', 'O', 'O', 'O']","['O', 'B-positive', 'O', 'O', 'O', 'O', 'O', 'O', 'O', 'O', 'O', 'O', 'O', 'O', 'O', 'O']"
539980,20,4.0,dd/e,,44,162.56,jbree22,just right,small,"['did', 'not', 'notice', 'the', 'plus', 'sizes', 'run', 'small', 'so', 'buttoned', 'up', 'this', 'looks', 'weird', '.', 'to', 'small', 'for', 'my', 'hips', '.']","['O', 'O', 'O', 'O', 'O', 'O', 'O', 'B-overall', 'O', 'B-buttoned', 'O', 'O', 'O', 'O', 'O', 'O', 'O', 'O', 'O', 'B-hip', 'O']","['O', 'O', 'O', 'O', 'O', 'O', 'O', 'B-negative', 'O', 'B-negative', 'O', 'O', 'O', 'O', 'O', 'O', 'O', 'O', 'O', 'B-negative', 'O']"
539980,20,4.0,c,46.0,42,175.26,mandyjune97,just right,small,"['the', 'only', 'thing', 'is', 'it', 'is', 'a', 'little', 'tight', 'in', 'the', 'upper', 'arms', '.']","['O', 'O', 'O', 'O', 'O', 'O', 'O', 'O', 'O', 'O', 'O', 'O', 'B-sleeve', 'O']","['O', 'O', 'O', 'O', 'O', 'O', 'O', 'O', 'O', 'O', 'O', 'O', 'B-negative', 'O']"
539980,12,3.0,c,45.0,34,165.1,laurenrosales,just right,small,"['the', 'medium', 'was', 'too', 'tight', 'in', 'the', 'arms', 'and', 'the', 'bust', ';', 'the', 'large', 'was', 'still', 'too', 'tight', 'in', 'the', 'arms', 'but', 'somewhat', 'baggy', 'everywhere', 'else', '.']","['O', 'O', 'O', 'O', 'O', 'O', 'O', 'B-sleeve', 'O', 'O', 'B-chest', 'O', 'O', 'O', 'O', 'O', 'O', 'O', 'O', 'O', 'B-sleeve', 'O', 'O', 'B-overall', 'O', 'O', 'O']","['O', 'O', 'O', 'O', 'O', 'O', 'O', 'B-negative', 'O', 'O', 'B-negative', 'O', 'O', 'O', 'O', 'O', 'O', 'O', 'O', 'O', 'B-negative', 'O', 'O', 'B-negative', 'O', 'O', 'O']"
539980,8,4.0,dd/e,34.0,34,167.64,leanne_lambert,just right,fit,"['the', 'quality', 'is', 'good', 'and', 'it', 'fit', 'perfect', '.']","['O', 'O', 'O', 'O', 'O', 'O', 'B-overall', 'O', 'O']","['O', 'O', 'O', 'O', 'O', 'O', 'B-positive', 'O', 'O']"
539980,32,4.0,ddd/f,45.0,38,162.56,tenshirei,slightly long,small,"['i', 'am', 'probably', 'an', 'xl', 'or', '1x', ',', 'but', 'the', 'reviews', 'and', 'fit', 'description', 'all', 'said', 'the', 'plus', 'sizes', 'run', 'small', ',', 'so', 'i', 'ordered', 'two', 'sizes', 'up', '.', 'sits', 'right', 'at', 'my', 'shoulders', 'and', 'hips', ',', 'buttons', 'easily', '.']","['O', 'O', 'O', 'O', 'O', 'O', 'O', 'O', 'O', 'O', 'O', 'O', 'O', 'O', 'O', 'O', 'O', 'O', 'O', 'O', 'B-overall_indirect', 'O', 'O', 'O', 'O', 'O', 'O', 'O', 'O', 'O', 'O', 'O', 'O', 'B-shoulder', 'O', 'B-hip', 'O', 'B-buttoned', 'O', 'O']","['O', 'O', 'O', 'O', 'O', 'O', 'O', 'O', 'O', 'O', 'O', 'O', 'O', 'O', 'O', 'O', 'O', 'O', 'O', 'O', 'B-neutral', 'O', 'O', 'O', 'O', 'O', 'O', 'O', 'O', 'O', 'O', 'O', 'O', 'B-positive', 'O', 'B-positive', 'O', 'B-positive', 'O', 'O']"
539980,12,3.0,d,40.0,36,170.18,Hilary,just right,small,"['a', 'bit', 'on', 'the', 'small', 'side', 'and', 'it', 'does', 'pill', 'pretty', 'easily', '.']","['O', 'O', 'O', 'O', 'B-overall', 'O', 'O', 'O', 'O', 'O', 'O', 'O', 'O']","['O', 'O', 'O', 'O', 'B-negative', 'O', 'O', 'O', 'O', 'O', 'O', 'O', 'O']"
539980,8,3.0,a,,34,170.18,rachelj2600,very short,fit,"['it', 'only', 'goes', 'down', 'to', 'my', 'waist', 'and', 'the', 'picture', 'made', 'it', 'seem', 'much', 'longer', ',', 'but', 'it', 'is', 'a', 'cute', 'additional', 'to', 'almost', 'any', 'dress', '.']","['O', 'O', 'O', 'O', 'O', 'O', 'B-length', 'O', 'O', 'O', 'O', 'O', 'O', 'O', 'O', 'O', 'O', 'O', 'O', 'O', 'O', 'O', 'O', 'O', 'O', 'O', 'O']","['O', 'O', 'O', 'O', 'O', 'O', 'B-negative', 'O', 'O', 'O', 'O', 'O', 'O', 'O', 'O', 'O', 'O', 'O', 'O', 'O', 'O', 'O', 'O', 'O', 'O', 'O', 'O']"
539980,12,3.0,c,,38,157.48,Desiree,just right,small,"['love', 'this', 'color', ',', 'a', 'little', 'tight', 'in', 'my', 'arms', ',', 'but', 'material', 'stretches']","['O', 'O', 'O', 'O', 'O', 'O', 'O', 'O', 'O', 'B-sleeve', 'O', 'O', 'O', 'O']","['O', 'O', 'O', 'O', 'O', 'O', 'O', 'O', 'O', 'B-negative', 'O', 'O', 'O', 'O']"
539980,12,3.0,c,,32,167.64,jmkruhmin,just right,small,"['the', 'color', 'is', 'cute', 'and', 'the', 'length', 'is', 'good', '.']","['O', 'O', 'O', 'O', 'O', 'O', 'B-length', 'O', 'O', 'O']","['O', 'O', 'O', 'O', 'O', 'O', 'B-positive', 'O', 'O', 'O']"
539980,38,5.0,d,,42,0.0,jsmommyx3,just right,large,"['the', 'fit', 'is', 'great', 'and', 'i', 'now', 'own', 'four', 'of', 'the', 'colors', 'with', 'plans', 'to', 'get', 'more', '!']","['O', 'B-overall', 'O', 'O', 'O', 'O', 'O', 'O', 'O', 'O', 'O', 'O', 'O', 'O', 'O', 'O', 'O', 'O']","['O', 'B-positive', 'O', 'O', 'O', 'O', 'O', 'O', 'O', 'O', 'O', 'O', 'O', 'O', 'O', 'O', 'O', 'O']"
539980,12,4.0,b,40.0,34,175.26,lschliep,just right,fit,"['the', 'honey', 'color', 'looks', 'very', 'rich', 'in', 'person', ',', 'and', 'my', 'chest', 'size', 'is', 'small', 'enough', 'that', 'i', 'am', 'able', 'to', 'wear', 'it', 'open', 'or', 'closed', '.', 'the', 'three', 'quarter', 'sleeves', 'work', 'especially', 'well', 'for', 'my', 'long', 'arms', ',', 'since', 'i', 'do', 'not', 'have', 'to', 'worry', 'about', 'the', 'sleeves', 'being', 'too', 'short', '.']","['O', 'O', 'O', 'O', 'O', 'O', 'O', 'O', 'O', 'O', 'O', 'B-chest', 'O', 'O', 'O', 'O', 'O', 'O', 'O', 'O', 'O', 'O', 'O', 'O', 'O', 'O', 'O', 'O', 'O', 'O', 'B-sleeve', 'O', 'O', 'O', 'O', 'O', 'O', 'O', 'O', 'O', 'O', 'O', 'O', 'O', 'O', 'O', 'O', 'O', 'O', 'O', 'O', 'O', 'O']","['O', 'O', 'O', 'O', 'O', 'O', 'O', 'O', 'O', 'O', 'O', 'B-positive', 'O', 'O', 'O', 'O', 'O', 'O', 'O', 'O', 'O', 'O', 'O', 'O', 'O', 'O', 'O', 'O', 'O', 'O', 'B-positive', 'O', 'O', 'O', 'O', 'O', 'O', 'O', 'O', 'O', 'O', 'O', 'O', 'O', 'O', 'O', 'O', 'O', 'O', 'O', 'O', 'O', 'O']"
539980,8,4.0,d,39.0,34,170.18,Sara,slightly short,small,"['i', 'am', 'a', 'bit', 'tall', ',', 'so', 'the', 'sleeves', 'and', 'hem', 'were', 'shorter', 'than', 'i', 'would', 'have', 'liked', ',', 'but', 'the', 'color', 'is', 'so', 'gorgeous', 'that', 'i', 'do', 'not', 'even', 'mind', '!']","['O', 'O', 'O', 'O', 'O', 'O', 'O', 'O', 'B-sleeve', 'O', 'B-length', 'O', 'O', 'O', 'O', 'O', 'O', 'O', 'O', 'O', 'O', 'O', 'O', 'O', 'O', 'O', 'O', 'O', 'O', 'O', 'O', 'O']","['O', 'O', 'O', 'O', 'O', 'O', 'O', 'O', 'B-negative', 'O', 'B-negative', 'O', 'O', 'O', 'O', 'O', 'O', 'O', 'O', 'O', 'O', 'O', 'O', 'O', 'O', 'O', 'O', 'O', 'O', 'O', 'O', 'O']"
539980,8,5.0,dd/e,39.0,36,157.48,beth,just right,fit,"['fit', 'gaps', 'at', 'the', 'chest', 'a', 'little', ',', 'but', 'i', 'plan', 'on', 'wearing', 'it', 'open', 'or', 'with', 'just', 'one', 'button', 'closed', 'anyway', '.']","['O', 'O', 'O', 'O', 'B-chest', 'O', 'O', 'O', 'O', 'O', 'O', 'O', 'O', 'O', 'O', 'O', 'O', 'O', 'O', 'O', 'O', 'O', 'O']","['O', 'O', 'O', 'O', 'B-negative', 'O', 'O', 'O', 'O', 'O', 'O', 'O', 'O', 'O', 'O', 'O', 'O', 'O', 'O', 'O', 'O', 'O', 'O']"
539980,26,3.0,d,43.0,36,182.88,Jen,just right,fit,"['while', 'the', 'cardi', 'is', 'roomy', 'when', 'closed', ',', 'it', 'drapes', 'nicely', 'when', 'worn', 'open', ',', 'which', 'is', 'how', 'i', 'wear', 'them', 'the', 'majority', 'of', 'the', 'time', '.']","['O', 'O', 'O', 'O', 'O', 'O', 'O', 'O', 'O', 'B-overall', 'O', 'O', 'O', 'O', 'O', 'O', 'O', 'O', 'O', 'O', 'O', 'O', 'O', 'O', 'O', 'O', 'O']","['O', 'O', 'O', 'O', 'O', 'O', 'O', 'O', 'O', 'B-positive', 'O', 'O', 'O', 'O', 'O', 'O', 'O', 'O', 'O', 'O', 'O', 'O', 'O', 'O', 'O', 'O', 'O']"
539980,8,3.0,c,,32,165.1,ericka132,slightly short,small,"['i', 'am', 'a', 'small', 'or', 'extra', 'small', 'in', 'most', 'things', 'and', 'this', 'fits', 'like', 'a', 'small', '.']","['O', 'O', 'O', 'O', 'O', 'O', 'O', 'O', 'O', 'O', 'O', 'O', 'B-overall', 'O', 'O', 'O', 'O']","['O', 'O', 'O', 'O', 'O', 'O', 'O', 'O', 'O', 'O', 'O', 'O', 'B-negative', 'O', 'O', 'O', 'O']"
539980,12,4.0,c,40.0,36,162.56,tonnalay,just right,small,"['it', 'runs', 'a', 'little', 'small', '(', 'i', 'got', 'a', 'large', 'and', 'it', 'does', 'not', 'button', 'all', 'the', 'way', 'without', 'pulling', ')', '.']","['O', 'O', 'O', 'O', 'B-overall', 'O', 'O', 'O', 'O', 'O', 'O', 'O', 'O', 'O', 'B-buttoned', 'O', 'O', 'O', 'O', 'O', 'O', 'O']","['O', 'O', 'O', 'O', 'B-negative', 'O', 'O', 'O', 'O', 'O', 'O', 'O', 'O', 'O', 'B-negative', 'O', 'O', 'O', 'O', 'O', 'O', 'O']"
539980,4,5.0,a,34.0,32,154.94,mel_grabemeyer,slightly long,large,"['personally', 'for', 'me', ',', 'it', 'just', 'looked', 'long', 'and', 'did', 'not', 'flatter', 'me', '.', 'i', 'wanted', 'to', 'wear', 'it', 'over', 'dresses', ';', 'however', ',', 'it', 'looked', 'sloppy', 'on', 'me', '.', 'i', 'prefer', 'the', 'shorter', ',', 'cropped', 'cardigan', 'mod', 'cloth', 'has', '.']","['O', 'O', 'O', 'O', 'O', 'O', 'O', 'B-length', 'O', 'O', 'O', 'O', 'O', 'O', 'O', 'O', 'O', 'O', 'O', 'O', 'O', 'O', 'O', 'O', 'O', 'O', 'B-overall', 'O', 'O', 'O', 'O', 'O', 'O', 'B-length_indirect', 'O', 'O', 'O', 'O', 'O', 'O', 'O']","['O', 'O', 'O', 'O', 'O', 'O', 'O', 'B-negative', 'O', 'O', 'O', 'O', 'O', 'O', 'O', 'O', 'O', 'O', 'O', 'O', 'O', 'O', 'O', 'O', 'O', 'O', 'B-negative', 'O', 'O', 'O', 'O', 'O', 'O', 'B-negative', 'O', 'O', 'O', 'O', 'O', 'O', 'O']"
539980,32,4.0,c,54.0,44,172.72,Brooke,slightly short,small,"['i', 'like', 'my', 'cardigans', 'to', 'be', 'a', 'little', 'larger', '.', 'it', 'is', 'a', 'little', 'snug', 'if', 'i', 'button', 'it', '.', 'and', 'not', 'as', 'long', 'as', 'i', 'would', 'have', 'wanted', '.']","['O', 'O', 'O', 'O', 'O', 'O', 'O', 'O', 'B-overall_indirect', 'O', 'O', 'O', 'O', 'O', 'O', 'O', 'O', 'B-buttoned', 'O', 'O', 'O', 'O', 'O', 'B-length', 'O', 'O', 'O', 'O', 'O', 'O']","['O', 'O', 'O', 'O', 'O', 'O', 'O', 'O', 'B-negative', 'O', 'O', 'O', 'O', 'O', 'O', 'O', 'O', 'B-negative', 'O', 'O', 'O', 'O', 'O', 'B-negative', 'O', 'O', 'O', 'O', 'O', 'O']"
539980,12,4.0,c,35.0,34,170.18,estasny,just right,small,"['i', 'am', 'usually', 'an', '8', ',', 'or', 'a', 'medium', 'but', 'after', 'reading', 'the', 'reviews', 'i', 'decided', 'to', 'size', 'up', 'to', 'a', 'l.', 'i', 'therefore', 'have', 'a', 'cardi', 'that', 'fits', 'nicely', ',', 'has', 'a', 'little', 'positive', 'ease', 'and', 'is', 'not', 'skin', 'tight', 'or', 'pulling', 'at', 'the', 'buttons', '.']","['O', 'O', 'O', 'O', 'O', 'O', 'O', 'O', 'O', 'O', 'O', 'O', 'O', 'O', 'O', 'O', 'O', 'O', 'O', 'O', 'O', 'O', 'O', 'O', 'O', 'O', 'O', 'O', 'B-overall', 'O', 'O', 'O', 'O', 'O', 'O', 'O', 'O', 'O', 'O', 'O', 'O', 'O', 'O', 'O', 'O', 'B-buttoned', 'O']","['O', 'O', 'O', 'O', 'O', 'O', 'O', 'O', 'O', 'O', 'O', 'O', 'O', 'O', 'O', 'O', 'O', 'O', 'O', 'O', 'O', 'O', 'O', 'O', 'O', 'O', 'O', 'O', 'B-positive', 'O', 'O', 'O', 'O', 'O', 'O', 'O', 'O', 'O', 'O', 'O', 'O', 'O', 'O', 'O', 'O', 'B-positive', 'O']"
539980,26,4.0,dd/e,48.0,40,175.26,Ngina,slightly short,fit,"['while', 'i', 'love', 'the', 'colour', ',', 'tall', 'girls/longtorsoed', 'girls', 'beware', ':', 'it', 'is', 'a', 'short', 'cardigan', 'so', 'if', 'you', 'are', 'looking', 'for', 'something', 'to', 'go', 'past', 'or', 'even', 'to', 'your', 'hips', ',', 'this', 'is', 'not', 'it', '.']","['O', 'O', 'O', 'O', 'O', 'O', 'O', 'O', 'O', 'O', 'O', 'O', 'O', 'O', 'B-length', 'O', 'O', 'O', 'O', 'O', 'O', 'O', 'O', 'O', 'O', 'O', 'O', 'O', 'O', 'O', 'O', 'O', 'O', 'O', 'O', 'O', 'O']","['O', 'O', 'O', 'O', 'O', 'O', 'O', 'O', 'O', 'O', 'O', 'O', 'O', 'O', 'B-negative', 'O', 'O', 'O', 'O', 'O', 'O', 'O', 'O', 'O', 'O', 'O', 'O', 'O', 'O', 'O', 'O', 'O', 'O', 'O', 'O', 'O', 'O']"
539980,32,3.0,dd/e,57.0,44,167.64,Jessica,just right,small,"['it', 'is', 'a', 'little', 'small', 'in', 'the', 'arms', 'but', 'overall', 'i', 'really', 'like', 'it', '.']","['O', 'O', 'O', 'O', 'O', 'O', 'O', 'B-sleeve', 'O', 'O', 'O', 'O', 'O', 'O', 'O']","['O', 'O', 'O', 'O', 'O', 'O', 'O', 'B-negative', 'O', 'O', 'O', 'O', 'O', 'O', 'O']"
539980,12,4.0,b,40.0,36,177.8,ferdinandyellow,just right,small,"['i', 'ordered', 'a', 'l', 'and', 'fits', 'slightly', 'snug', 'in', 'the', 'arms', 'for', 'me', ',', 'but', 'not', 'bad', 'enough', 'to', 'send', 'back', '.']","['O', 'O', 'O', 'O', 'O', 'O', 'O', 'O', 'O', 'O', 'B-sleeve', 'O', 'O', 'O', 'O', 'O', 'O', 'O', 'O', 'O', 'O', 'O']","['O', 'O', 'O', 'O', 'O', 'O', 'O', 'O', 'O', 'O', 'B-negative', 'O', 'O', 'O', 'O', 'O', 'O', 'O', 'O', 'O', 'O', 'O']"
539980,4,4.0,b,35.0,34,162.56,Maggie,slightly short,fit,"['i', 'feel', 'like', 'it', 'is', 'on', 'the', 'shorter', 'side', ',', 'but', 'i', 'have', 'a', 'short', 'torso', 'so', 'it', 'works', 'for', 'me', '.']","['O', 'O', 'O', 'O', 'O', 'O', 'O', 'B-length', 'O', 'O', 'O', 'O', 'O', 'O', 'O', 'O', 'O', 'O', 'O', 'O', 'O', 'O']","['O', 'O', 'O', 'O', 'O', 'O', 'O', 'B-positive', 'O', 'O', 'O', 'O', 'O', 'O', 'O', 'O', 'O', 'O', 'O', 'O', 'O', 'O']"
539980,12,4.0,dd/e,44.0,44,175.26,Bettina,slightly short,small,"['it', 'is', 'a', 'little', 'short', ',', 'and', 'mine', 'shrunk', ',', 'even', 'with', 'a', 'hand', 'wash.', 'the', 'fabric', 'is', 'still', 'really', 'soft', 'though', ',', 'even', 'though', 'i', 'wear', 'it', 'all', 'the', 'time', 'and', 'it', 'gets', 'washed', 'a', 'lot', '.']","['O', 'O', 'O', 'O', 'B-sleeve', 'O', 'O', 'O', 'O', 'O', 'O', 'O', 'O', 'O', 'O', 'O', 'O', 'O', 'O', 'O', 'O', 'O', 'O', 'O', 'O', 'O', 'O', 'O', 'O', 'O', 'O', 'O', 'O', 'O', 'O', 'O', 'O', 'O']","['O', 'O', 'O', 'O', 'B-negative', 'O', 'O', 'O', 'O', 'O', 'O', 'O', 'O', 'O', 'O', 'O', 'O', 'O', 'O', 'O', 'O', 'O', 'O', 'O', 'O', 'O', 'O', 'O', 'O', 'O', 'O', 'O', 'O', 'O', 'O', 'O', 'O', 'O']"
539980,20,5.0,ddd/f,46.0,38,172.72,mkmartens,just right,small,"['odd', 'fit', '(', 'huge', 'room', 'in', 'chest', 'department', ',', 'odd', 'given', 'my', '10es', 'i', 'think', 'that', 'is', 'a', '3940', 'chest', 'in', 'us', 'terms', '?', 'but', 'the', 'first', 'cardigan', 'i', 'have', 'ever', 'found', 'that', 'sits', 'nicely', 'in', 'the', 'waist', 'hip', 'area', '(', 'waist', '32', ',', 'hips', 'around', '36', 'where', 'cardigan', 'ends', ')', '.', 'gorgeous', 'colour', ',', 'goes', 'well', 'under', 'winter', 'coats', '.']","['O', 'B-overall', 'O', 'O', 'O', 'O', 'B-chest', 'O', 'O', 'O', 'O', 'O', 'O', 'O', 'O', 'O', 'O', 'O', 'O', 'O', 'O', 'O', 'O', 'O', 'O', 'O', 'O', 'O', 'O', 'O', 'O', 'O', 'O', 'O', 'O', 'O', 'O', 'B-waist', 'B-hip', 'O', 'O', 'O', 'O', 'O', 'O', 'O', 'O', 'O', 'O', 'O', 'O', 'O', 'O', 'O', 'O', 'O', 'O', 'O', 'O', 'O', 'O']","['O', 'B-negative', 'O', 'O', 'O', 'O', 'B-negative', 'O', 'O', 'O', 'O', 'O', 'O', 'O', 'O', 'O', 'O', 'O', 'O', 'O', 'O', 'O', 'O', 'O', 'O', 'O', 'O', 'O', 'O', 'O', 'O', 'O', 'O', 'O', 'O', 'O', 'O', 'B-positive', 'B-positive', 'O', 'O', 'O', 'O', 'O', 'O', 'O', 'O', 'O', 'O', 'O', 'O', 'O', 'I-negative', 'O', 'O', 'O', 'O', 'O', 'O', 'O', 'O']"
539980,12,3.0,b,38.0,36,170.18,aprilekim,just right,small,"['i', 'do', 'not', 'know', 'if', 'i', 'read', 'this', ',', 'but', 'the', 'sleeves', 'are', 'more', 'like', 'a', '3/4', 'length', '.', 'i', 'am', 'a', 'size', 'm', 'in', 'most', 'things', ',', 'but', 'ordered', 'a', 'l.', 'it', 'fit', 'in', 'the', 'shoulders', 'and', 'arms', ',', 'but', 'it', 'is', 'a', 'bit', 'loose', 'in', 'the', 'torso', ',', 'which', 'is', 'ok', 'with', 'me', '.']","['O', 'O', 'O', 'O', 'O', 'O', 'O', 'O', 'O', 'O', 'O', 'B-sleeve', 'O', 'O', 'O', 'O', 'O', 'O', 'O', 'O', 'O', 'O', 'O', 'O', 'O', 'O', 'O', 'O', 'O', 'O', 'O', 'O', 'O', 'O', 'O', 'O', 'B-shoulder', 'O', 'B-sleeve', 'O', 'O', 'O', 'O', 'O', 'O', 'O', 'O', 'O', 'B-chest', 'O', 'O', 'O', 'O', 'O', 'O', 'O']","['O', 'O', 'O', 'O', 'O', 'O', 'O', 'O', 'O', 'O', 'O', 'B-neutral', 'O', 'O', 'O', 'O', 'O', 'O', 'O', 'O', 'O', 'O', 'O', 'O', 'O', 'O', 'O', 'O', 'O', 'O', 'O', 'O', 'O', 'O', 'O', 'O', 'B-positive', 'O', 'B-positive', 'O', 'O', 'O', 'O', 'O', 'O', 'O', 'O', 'O', 'B-negative', 'O', 'O', 'O', 'O', 'O', 'O', 'O']"
539980,12,5.0,d,44.0,40,170.18,Shanna,just right,fit,"['the', 'fabric', 'is', 'soft', 'and', 'comfortable', ',', 'the', 'length', 'goes', 'beautifully', 'with', 'dresses', 'and', 'skirts', ',', 'and', 'the', 'color', 'compliments', 'blues', 'so', 'well', 'i', 'can', 'not', 'wait', 'to', 'purchase', 'more', 'just', 'like', 'it', '!']","['O', 'O', 'O', 'O', 'O', 'O', 'O', 'O', 'B-length', 'O', 'O', 'O', 'O', 'O', 'O', 'O', 'O', 'O', 'O', 'O', 'O', 'O', 'O', 'O', 'O', 'O', 'O', 'O', 'O', 'O', 'O', 'O', 'O', 'O']","['O', 'O', 'O', 'O', 'O', 'O', 'O', 'O', 'B-positive', 'O', 'O', 'O', 'O', 'O', 'O', 'O', 'O', 'O', 'O', 'O', 'O', 'O', 'O', 'O', 'O', 'O', 'O', 'O', 'O', 'O', 'O', 'O', 'O', 'O']"
539980,15,3.0,b,36.0,34,167.64,Jodie,just right,small,"['i', 'think', 'a', 'small', 'would', 'have', 'been', 'tight', ',', 'but', 'then', 'i', 'never', 'wear', 'it', 'closed', 'anyway', 'so', 'it', 'would', 'probably', 'be', 'fine', 'to', 'go', 'either', 'way', '.']","['O', 'O', 'O', 'O', 'O', 'O', 'O', 'B-overall', 'O', 'O', 'O', 'O', 'O', 'O', 'O', 'O', 'O', 'O', 'O', 'O', 'O', 'O', 'O', 'O', 'O', 'O', 'O', 'O']","['O', 'O', 'O', 'O', 'O', 'O', 'O', 'B-negative', 'O', 'O', 'O', 'O', 'O', 'O', 'O', 'O', 'O', 'O', 'O', 'O', 'O', 'O', 'O', 'O', 'O', 'O', 'O', 'O']"
539980,12,4.0,d,36.0,38,167.64,Jen,just right,fit,"['i', 'went', 'up', 'a', 'size', 'because', 'of', 'my', 'chest', 'and', 'it', 'fits', 'perfectly', '.']","['O', 'O', 'O', 'O', 'O', 'O', 'O', 'O', 'O', 'O', 'O', 'B-overall', 'O', 'O']","['O', 'O', 'O', 'O', 'O', 'O', 'O', 'O', 'O', 'O', 'O', 'B-positive', 'O', 'O']"
539980,26,5.0,dd/e,42.0,36,162.56,Emily,just right,fit,"['it', 'fits', 'me', 'comfortably', 'enough', 'that', 'i', 'have', 'the', 'option', 'to', 'wear', 'it', 'buttoned', 'up', ',', 'though', 'i', 'typically', 'prefer', 'to', 'wear', 'it', 'open', '.', 'the', 'sleeves', 'hit', 'me', 'a', 'couple', 'inches', 'under', 'my', 'elbow', ',', 'which', 'is', 'a', 'good', 'transitional', 'length', 'for', 'the', 'season', '.']","['O', 'B-overall', 'O', 'O', 'O', 'O', 'O', 'O', 'O', 'O', 'O', 'O', 'O', 'O', 'O', 'O', 'O', 'O', 'O', 'O', 'O', 'O', 'O', 'O', 'O', 'O', 'B-sleeve', 'O', 'O', 'O', 'O', 'O', 'O', 'O', 'O', 'O', 'O', 'O', 'O', 'O', 'O', 'O', 'O', 'O', 'O', 'O']","['O', 'O', 'O', 'O', 'O', 'O', 'O', 'O', 'O', 'O', 'O', 'O', 'O', 'O', 'O', 'O', 'O', 'O', 'O', 'O', 'O', 'O', 'O', 'O', 'O', 'O', 'B-positive', 'O', 'O', 'O', 'O', 'O', 'O', 'O', 'O', 'O', 'O', 'O', 'O', 'O', 'O', 'O', 'O', 'O', 'O', 'O']"
539980,20,4.0,ddd/f,44.0,38,160.02,katherine.strout,just right,fit,"['i', 'like', 'the', 'fit', 'of', 'these', 'cardigans', 'better', 'than', 'i', 'used', 'to', '(', 'different', 'brand', 'now', ',', 'i', 'think', ')', 'and', 'will', 'probably', 'end', 'up', 'buying', 'a', 'few', 'more', '.']","['O', 'O', 'O', 'B-overall', 'O', 'O', 'O', 'O', 'O', 'O', 'O', 'O', 'O', 'O', 'O', 'O', 'O', 'O', 'O', 'O', 'O', 'O', 'O', 'O', 'O', 'O', 'O', 'O', 'O', 'O']","['O', 'O', 'O', 'B-positive', 'O', 'O', 'O', 'O', 'O', 'O', 'O', 'O', 'O', 'O', 'O', 'O', 'O', 'O', 'O', 'O', 'O', 'O', 'O', 'O', 'O', 'O', 'O', 'O', 'O', 'O']"
539980,32,5.0,c,,38,0.0,ranarin77,slightly short,small,"['i', 'wad', 'expecting', 'it', 'to', 'be', 'longer', ',', 'but', 'it', 'is', 'not', 'short', 'or', 'anything', '.']","['O', 'O', 'O', 'O', 'O', 'O', 'B-length', 'O', 'O', 'O', 'O', 'O', 'O', 'O', 'O', 'O']","['O', 'O', 'O', 'O', 'O', 'O', 'B-neutral', 'O', 'O', 'O', 'O', 'O', 'O', 'O', 'O', 'O']"
539980,20,3.0,h,43.0,34,165.1,kerripiercey,just right,fit,"['i', 'bought', 'the', '1x', 'because', 'i', 'have', 'a', 'large', 'bust', 'and', 'cardigans', 'rarely', 'fit', ',', 'but', 'i', 'could', 'have', 'gotten', 'away', 'with', 'just', 'a', 'xl', '.']","['O', 'O', 'O', 'O', 'O', 'O', 'O', 'O', 'O', 'B-chest', 'O', 'O', 'O', 'O', 'O', 'O', 'O', 'O', 'O', 'O', 'O', 'O', 'O', 'O', 'O', 'O']","['O', 'O', 'O', 'O', 'O', 'O', 'O', 'O', 'O', 'B-positive', 'O', 'O', 'O', 'O', 'O', 'O', 'O', 'O', 'O', 'O', 'O', 'O', 'O', 'O', 'O', 'O']"
539980,4,4.0,b,50.0,34,154.94,patricia_baires,very short,small,"['it', 'is', 'a', 'but', 'small', 'and', 'it', 'gets', 'fuzzy', 'after', 'a', 'few', 'washes', 'but', 'it', 'goes', 'with', 'everything', '!']","['O', 'O', 'O', 'O', 'B-overall', 'O', 'O', 'O', 'O', 'O', 'O', 'O', 'O', 'O', 'O', 'O', 'O', 'O', 'O']","['O', 'O', 'O', 'O', 'B-negative', 'O', 'O', 'O', 'O', 'O', 'O', 'O', 'O', 'O', 'O', 'O', 'O', 'O', 'O']"
539980,20,4.0,d,47.0,40,165.1,Lauren,just right,small,"['this', 'cardigan', 'runs', 'extremely', 'small', 'in', 'plus', 'size', 'i', 'am', 'usually', 'an', 'xl/1x', 'and', 'ordered', 'a', '2x', 'based', 'on', 'other', 'reviews', '.', 'it', 'was', 'still', 'small', 'so', 'i', 'exchanged', 'for', 'a', '3x', 'and', 'it', 'still', 'pulls', 'at', 'the', 'buttons', '.']","['O', 'O', 'O', 'O', 'B-overall_indirect', 'O', 'O', 'O', 'O', 'O', 'O', 'O', 'O', 'O', 'O', 'O', 'O', 'O', 'O', 'O', 'O', 'O', 'O', 'O', 'O', 'B-overall', 'O', 'O', 'O', 'O', 'O', 'O', 'O', 'O', 'O', 'O', 'O', 'O', 'B-buttoned', 'O']","['O', 'O', 'O', 'O', 'B-negative', 'O', 'O', 'O', 'O', 'O', 'O', 'O', 'O', 'O', 'O', 'O', 'O', 'O', 'O', 'O', 'O', 'O', 'O', 'O', 'O', 'B-negative', 'O', 'O', 'O', 'O', 'O', 'O', 'O', 'O', 'O', 'O', 'O', 'O', 'B-negative', 'O']"
539980,12,4.0,dd/e,,34,167.64,emilysue925,slightly short,small,"['large', 'is', 'snug', 'on', 'me', '.', 'cute', 'as', 'long', 'as', 'it', 'is', 'not', 'buttoned', '.', 'sleeves', 'seem', '3/4', 'length', '.']","['B-overall', 'O', 'O', 'O', 'O', 'O', 'O', 'O', 'O', 'O', 'O', 'O', 'O', 'B-buttoned', 'O', 'O', 'O', 'O', 'O', 'O']","['O', 'O', 'O', 'O', 'O', 'O', 'O', 'O', 'O', 'O', 'O', 'O', 'O', 'B-negative', 'O', 'I-negative', 'O', 'O', 'O', 'O']"
539980,8,5.0,dd/e,35.0,36,165.1,bobaloo17,slightly short,fit,"['the', 'material', 'quality', 'is', 'excellent', ',', 'but', 'i', 'do', 'wish', 'it', 'was', 'slightly', 'longer', '.']","['O', 'O', 'O', 'O', 'O', 'O', 'O', 'O', 'O', 'O', 'O', 'O', 'O', 'B-length_indirect', 'O']","['O', 'O', 'O', 'O', 'O', 'O', 'O', 'O', 'O', 'O', 'O', 'O', 'O', 'B-negative', 'O']"
539980,12,4.0,ddd/f,41.0,34,170.18,kandriacchi,just right,fit,"['i', 'have', 'a', 'large', 'chest', 'and', 'have', 'no', 'problem', 'buttoning', 'it', 'up', '.']","['O', 'O', 'O', 'O', 'B-chest', 'O', 'O', 'O', 'O', 'B-buttoned', 'O', 'O', 'O']","['O', 'O', 'O', 'O', 'B-positive', 'O', 'O', 'O', 'O', 'B-positive', 'O', 'O', 'O']"
539980,26,4.0,c,52.0,40,165.1,brownstar99,just right,fit,"['i', 'would', 'not', 'have', 'minded', 'trying', 'a', '3x', 'to', 'see', 'if', 'it', 'was', 'less', 'snug', 'in', 'my', 'arms', 'but', 'looked', 'perfect', 'with', 'my', 'dress', '.']","['O', 'O', 'O', 'O', 'O', 'O', 'O', 'O', 'O', 'O', 'O', 'O', 'O', 'O', 'O', 'O', 'O', 'B-sleeve_indirect', 'O', 'O', 'O', 'O', 'O', 'O', 'O']","['O', 'O', 'O', 'O', 'O', 'O', 'O', 'O', 'O', 'O', 'O', 'O', 'O', 'O', 'O', 'O', 'O', 'B-negative', 'O', 'O', 'O', 'O', 'O', 'O', 'O']"
539980,4,4.0,c,35.0,34,162.56,Michelle,very short,small,"['the', 'small', 'is', 'quite', 'short', 'and', 'i', 'prefer', 'cardigans', 'slightly', 'longer', '.', 'also', ',', 'it', 'puckers', 'when', 'buttoned', '.']","['O', 'O', 'O', 'O', 'B-length', 'O', 'O', 'O', 'O', 'O', 'B-length_indirect', 'O', 'O', 'O', 'O', 'O', 'O', 'B-buttoned', 'O']","['O', 'O', 'O', 'O', 'B-negative', 'O', 'O', 'O', 'O', 'O', 'B-negative', 'O', 'O', 'O', 'O', 'O', 'O', 'B-negative', 'O']"
539980,12,4.0,a,,34,157.48,katieswiatek,just right,fit,"['the', 'sleeves', 'are', 'a', 'little', 'long', 'but', 'other', 'than', 'that', 'this', 'was', 'perfect', '!']","['O', 'B-sleeve', 'O', 'O', 'O', 'O', 'O', 'O', 'O', 'O', 'O', 'O', 'O', 'O']","['O', 'B-negative', 'O', 'O', 'O', 'O', 'O', 'O', 'O', 'O', 'O', 'O', 'O', 'O']"
539980,4,5.0,a,35.0,34,165.1,Tina,slightly short,fit,"['goes', 'better', 'with', 'dresses', ',', 'though', 'a', 'tad', 'short', 'for', 'me', 'when', 'wearing', 'pants', '.']","['O', 'O', 'O', 'O', 'O', 'O', 'O', 'O', 'B-length', 'O', 'O', 'O', 'O', 'O', 'O']","['O', 'O', 'O', 'O', 'O', 'O', 'O', 'O', 'B-negative', 'O', 'O', 'O', 'O', 'O', 'O']"
539980,20,3.0,d,44.0,38,165.1,spozmanter,just right,large,"['this', 'fit', 'a', 'bit', 'large', ',', 'and', 'was', 'a', 'bit', 'flimsy.undecided', 'so', 'far', '.']","['O', 'B-overall', 'O', 'O', 'O', 'O', 'O', 'O', 'O', 'O', 'O', 'O', 'O', 'O']","['O', 'B-negative', 'O', 'O', 'O', 'O', 'O', 'O', 'O', 'O', 'O', 'O', 'O', 'O']"
539980,8,5.0,b,39.0,34,157.48,andrearatzlaff,just right,small,"['it', 'fits', 'perfect', '.', 'i', 'can', 'wear', 'it', 'buttoned', 'up', 'or', 'left', 'open', 'a', 'sit', 'still', 'feels', 'fitted', '.']","['O', 'B-overall', 'O', 'O', 'O', 'O', 'O', 'O', 'O', 'O', 'O', 'O', 'B-overall', 'O', 'O', 'O', 'O', 'O', 'O']","['O', 'O', 'O', 'O', 'O', 'O', 'O', 'O', 'O', 'O', 'O', 'O', 'B-positive', 'O', 'O', 'O', 'O', 'O', 'O']"
539980,12,4.0,ddd/f,49.0,38,165.1,sekuehne,just right,small,"['a', 'little', 'small', 'around', 'the', 'bust', ',', 'but', 'i', 'have', 'a', 'large', 'bust', 'and', 'it', 'still', 'looked', 'cute', '.']","['O', 'O', 'O', 'O', 'O', 'B-chest', 'O', 'O', 'O', 'O', 'O', 'O', 'O', 'O', 'O', 'O', 'O', 'O', 'O']","['O', 'O', 'O', 'O', 'O', 'B-negative', 'O', 'O', 'O', 'O', 'O', 'O', 'O', 'O', 'O', 'O', 'O', 'O', 'O']"
539980,12,5.0,dddd/g,42.0,36,154.94,complexreader,just right,fit,"['fits', 'fantastic', 'over', 'my', 'chest', 'without', 'gaps', 'between', 'buttons', 'trying', 'to', 'hold', 'onto', 'for', 'dear', 'life', 'but', 'still', 'fitted', 'enough', 'on', 'my', 'arms', 'and', 'midsection', 'without', 'being', 'bagging', 'looking', '.']","['O', 'O', 'O', 'O', 'B-chest', 'O', 'O', 'O', 'B-buttoned', 'O', 'O', 'O', 'O', 'O', 'O', 'O', 'O', 'O', 'O', 'O', 'O', 'O', 'B-sleeve', 'O', 'B-waist', 'O', 'O', 'O', 'O', 'O']","['O', 'O', 'O', 'O', 'B-positive', 'O', 'O', 'O', 'B-positive', 'O', 'O', 'O', 'O', 'O', 'O', 'O', 'O', 'O', 'O', 'O', 'O', 'O', 'B-positive', 'O', 'B-positive', 'O', 'O', 'O', 'O', 'O']"
539980,12,3.0,c,45.0,36,152.4,luzclarita720,slightly short,small,"['too', 'small', 'for', 'me', '.']","['O', 'B-overall', 'O', 'O', 'O']","['O', 'B-negative', 'O', 'O', 'O']"
539980,8,4.0,b,33.0,34,170.18,Alex,just right,fit,"['it', 'hits', 'in', 'just', 'the', 'right', 'place', 'on', 'your', 'hips', 'making', 'it', 'perfect', 'for', 'wearing', 'with', 'jeans', 'or', 'a', 'dress', 'and', 'the', 'three', 'quarter', 'length', 'sleeves', 'are', 'great', 'for', 'spring', 'and', 'fall', '.']","['O', 'O', 'O', 'O', 'O', 'O', 'O', 'O', 'O', 'B-length', 'O', 'O', 'O', 'O', 'O', 'O', 'O', 'O', 'O', 'O', 'O', 'O', 'O', 'O', 'O', 'B-sleeve', 'O', 'O', 'O', 'O', 'O', 'O', 'O']","['O', 'O', 'O', 'O', 'O', 'O', 'O', 'O', 'O', 'B-positive', 'O', 'O', 'O', 'O', 'O', 'O', 'O', 'O', 'O', 'O', 'O', 'O', 'O', 'O', 'O', 'B-positive', 'O', 'O', 'O', 'O', 'O', 'O', 'O']"
539980,8,3.0,ddd/f,,32,154.94,fuen.erika,slightly short,small,"['very', 'fitted', 'designalmost', 'feels', 'like', 'a', 'petite', '.', 'just', 'ordered', 'the', 'large', 'in', 'hope', 'of', 'a', 'better', 'fit', '.']","['O', 'B-overall', 'O', 'O', 'O', 'O', 'O', 'O', 'O', 'O', 'O', 'O', 'O', 'O', 'O', 'O', 'O', 'B-overall_indirect', 'O']","['O', 'B-negative', 'O', 'O', 'O', 'O', 'O', 'O', 'O', 'O', 'O', 'O', 'O', 'O', 'O', 'O', 'O', 'O', 'B-negative']"
539980,26,3.0,b,,46,157.48,daleygirl,just right,small,"['cardi', 'runs', 'a', 'little', 'small', 'so', 'i', 'would', 'suggest', 'a', 'bigger', 'size', 'just', 'for', 'comfort', '.']","['O', 'O', 'O', 'O', 'B-overall', 'O', 'O', 'O', 'O', 'O', 'O', 'O', 'O', 'O', 'O', 'O']","['O', 'O', 'O', 'O', 'B-negative', 'O', 'O', 'O', 'O', 'O', 'O', 'O', 'O', 'O', 'O', 'O']"
539980,8,5.0,c,40.0,34,170.18,mallory.rustad,just right,small,"['the', 'medium', 'was', 'a', 'bit', 'small', 'and', 'the', 'buttons', 'look', 'odd', 'if', 'i', 'button', 'it', 'up', '.']","['O', 'O', 'O', 'O', 'O', 'B-overall', 'O', 'O', 'O', 'O', 'O', 'O', 'O', 'O', 'O', 'O', 'O']","['O', 'O', 'O', 'O', 'O', 'B-negative', 'O', 'O', 'O', 'O', 'O', 'O', 'O', 'O', 'O', 'O', 'O']"
539980,32,3.0,k,,38,170.18,gwenlle,just right,small,"['love', 'the', 'color', ',', 'and', 'the', 'fit', 'is', 'pretty', 'good']","['O', 'O', 'O', 'O', 'O', 'O', 'B-overall', 'O', 'O', 'O']","['O', 'O', 'O', 'O', 'O', 'O', 'B-positive', 'O', 'O', 'O']"
539980,32,3.0,d,48.0,40,172.72,compassleadsnorth,just right,small,"['it', 'is', 'thinner', 'or', 'lighter', 'than', 'i', 'expected', 'and', 'leans', 'to', 'the', 'smaller', 'side', '.']","['O', 'O', 'O', 'O', 'O', 'O', 'O', 'O', 'O', 'O', 'O', 'O', 'B-overall', 'O', 'O']","['O', 'O', 'O', 'O', 'O', 'O', 'O', 'O', 'O', 'O', 'O', 'O', 'B-negative', 'O', 'O']"
539980,4,1.0,a,36.0,32,167.64,Ragna,just right,small,"['i', 'always', 'wear', 'a', 'small', 'but', 'there', 'was', 'no', 'way', 'i', 'could', 'button', 'this', 'one', 'without', 'looking', 'ridiculous', ',', 'so', 'i', 'just', 'wore', 'it', 'open', '.']","['O', 'O', 'O', 'O', 'O', 'O', 'O', 'O', 'O', 'O', 'O', 'O', 'B-buttoned', 'O', 'O', 'O', 'O', 'O', 'O', 'O', 'O', 'O', 'O', 'O', 'O', 'O']","['O', 'O', 'O', 'O', 'O', 'O', 'O', 'O', 'O', 'O', 'O', 'O', 'B-negative', 'O', 'O', 'O', 'O', 'O', 'O', 'O', 'O', 'O', 'O', 'O', 'O', 'O']"
539980,12,5.0,dd/e,46.0,34,165.1,Lindsay,just right,small,"['it', 'was', 'not', 'as', 'loose', 'or', 'as', 'long', 'as', 'if', 'hoped', 'for', 'but', 'it', 'is', 'still', 'a', 'great', 'sweater', '.']","['O', 'O', 'O', 'O', 'B-overall', 'O', 'O', 'B-length', 'O', 'O', 'O', 'O', 'O', 'O', 'O', 'O', 'O', 'O', 'O', 'O']","['O', 'O', 'O', 'O', 'B-negative', 'O', 'O', 'B-negative', 'O', 'O', 'O', 'O', 'O', 'O', 'O', 'O', 'O', 'O', 'O', 'O']"
539980,32,3.0,c,46.0,40,162.56,Cally,just right,small,"['i', 'will', 'say', 'that', 'the', 'sleeves', 'are', '3/4', 'length', ',', 'not', 'the', 'full', 'length', 'i', 'thought', 'i', 'noticed', 'in', 'the', 'primary', 'image', '.']","['O', 'O', 'O', 'O', 'O', 'B-sleeve', 'O', 'O', 'O', 'O', 'O', 'O', 'O', 'O', 'O', 'O', 'O', 'O', 'O', 'O', 'O', 'O', 'O']","['O', 'O', 'O', 'O', 'O', 'B-neutral', 'O', 'O', 'O', 'O', 'O', 'O', 'O', 'O', 'O', 'O', 'O', 'O', 'O', 'O', 'O', 'O', 'O']"
539980,12,4.0,d,35.0,36,162.56,cherry_gurl9,slightly short,small,"['this', 'was', 'actually', 'pretty', 'tight', 'on', 'me', '.']","['O', 'O', 'O', 'O', 'B-overall', 'O', 'O', 'O']","['O', 'O', 'O', 'O', 'B-negative', 'O', 'O', 'O']"
539980,26,5.0,ddd/f,49.0,42,162.56,Rachal,just right,fit,"['i', 'ordered', 'up', 'as', 'many', 'of', 'the', 'other', 'reviewers', 'recommended', 'and', 'it', 'fits', 'like', 'a', 'glove', '.', 'the', 'color', 'is', 'amazing', 'and', 'the', 'fit', 'is', 'on', 'point', '.', 'i', 'am', 'a', 'busty', 'girl', 'and', 'i', 'can', 'button', 'this', 'up', 'with', 'absolutely', 'no', 'gaping', 'in', 'the', 'chest', 'area', '.']","['O', 'O', 'O', 'O', 'O', 'O', 'O', 'O', 'O', 'O', 'O', 'O', 'B-overall', 'O', 'O', 'O', 'O', 'O', 'O', 'O', 'O', 'O', 'O', 'B-overall', 'O', 'O', 'O', 'O', 'O', 'O', 'O', 'O', 'O', 'O', 'O', 'O', 'B-buttoned', 'O', 'O', 'O', 'O', 'O', 'O', 'O', 'O', 'B-chest', 'O', 'O']","['O', 'O', 'O', 'O', 'O', 'O', 'O', 'O', 'O', 'O', 'O', 'O', 'B-positive', 'O', 'O', 'O', 'O', 'O', 'O', 'O', 'O', 'O', 'O', 'B-positive', 'O', 'O', 'O', 'O', 'O', 'O', 'O', 'O', 'O', 'O', 'O', 'O', 'B-positive', 'O', 'O', 'O', 'O', 'O', 'O', 'O', 'O', 'B-positive', 'O', 'O']"
539980,12,4.0,dd/e,39.0,36,160.02,Robyn,just right,large,"['the', 'large', 'is', 'a', 'bit', 'tight', 'across', 'the', 'bust', '(', 'i', 'am', 'pretty', 'busty', ')', ',', 'but', 'i', 'do', 'not', 'think', 'i', 'would', 'want', 'it', 'any', 'bigger', 'in', 'other', 'places', '.']","['O', 'O', 'O', 'O', 'O', 'O', 'O', 'O', 'B-chest', 'O', 'O', 'O', 'O', 'O', 'O', 'O', 'O', 'O', 'O', 'O', 'O', 'O', 'O', 'O', 'O', 'O', 'O', 'O', 'O', 'O', 'O']","['O', 'O', 'O', 'O', 'O', 'O', 'O', 'O', 'B-negative', 'O', 'O', 'O', 'O', 'O', 'O', 'O', 'O', 'O', 'O', 'O', 'O', 'O', 'O', 'O', 'O', 'O', 'O', 'O', 'O', 'O', 'O']"
539980,20,2.0,d,38.0,36,170.18,lmesslinger,just right,large,"['beautiful', 'color', ',', 'nice', 'fit', 'but', 'i', 'was', 'really', 'disappointed', 'with', 'how', 'quickly', 'it', 'wore', 'out', '.']","['O', 'O', 'O', 'O', 'B-overall', 'O', 'O', 'O', 'O', 'O', 'O', 'O', 'O', 'O', 'O', 'O', 'O']","['O', 'O', 'O', 'O', 'B-positive', 'O', 'O', 'O', 'O', 'O', 'O', 'O', 'O', 'O', 'O', 'O', 'O']"
539980,12,2.0,c,39.0,36,177.8,Darla,very short,small,"['i', 'am', 'tall', 'and', 'it', 'is', 'short', 'waisted', '.']","['O', 'O', 'O', 'O', 'O', 'O', 'B-length', 'O', 'O']","['O', 'O', 'O', 'O', 'O', 'O', 'B-negative', 'O', 'O']"
539980,4,4.0,b,41.0,30,165.1,mayoduck,just right,fit,"['the', 'color', 'is', 'true', 'to', 'picture', 'and', 'the', 'fit', 'is', 'great', '.', 'i', 'find', 'the', 'length', 'of', 'the', 'arms', 'to', 'be', 'slightly', 'awkward', '.']","['O', 'O', 'O', 'O', 'O', 'O', 'O', 'O', 'B-overall', 'O', 'O', 'O', 'O', 'O', 'O', 'O', 'O', 'O', 'B-sleeve', 'O', 'O', 'O', 'O', 'O']","['O', 'O', 'O', 'O', 'O', 'O', 'O', 'O', 'B-positive', 'O', 'O', 'O', 'O', 'O', 'O', 'O', 'O', 'O', 'B-negative', 'O', 'O', 'O', 'O', 'O']"
539980,12,4.0,dd/e,38.0,36,160.02,jklarsen94,just right,fit,"['the', 'fit', 'is', 'great', 'and', 'the', 'sleeve', 'length', 'is', 'very', 'flattering', '.']","['O', 'B-overall', 'O', 'O', 'O', 'O', 'B-sleeve', 'O', 'O', 'O', 'O', 'O']","['O', 'O', 'O', 'O', 'O', 'O', 'B-positive', 'O', 'O', 'O', 'O', 'O']"
539980,12,5.0,c,,34,172.72,Roxy,just right,small,"['my', 'only', 'complaint', 'is', 'that', 'the', 'large', 'was', 'not', 'big', 'enough', 'to', 'button', 'over', 'my', 'chest', ',', 'but', 'that', 'is', 'nothing', 'new', '.']","['O', 'O', 'O', 'O', 'O', 'O', 'O', 'O', 'O', 'O', 'O', 'O', 'B-buttoned', 'O', 'O', 'B-chest', 'O', 'O', 'O', 'O', 'O', 'O', 'O']","['O', 'O', 'O', 'O', 'O', 'O', 'O', 'O', 'O', 'O', 'O', 'O', 'B-negative', 'O', 'O', 'B-negative', 'O', 'O', 'O', 'O', 'O', 'O', 'O']"
539980,26,4.0,d,50.0,38,167.64,bethlogic,just right,small,"['the', 'length', 'and', 'sleeves', 'are', 'perfect', '.', 'i', 'am', 'glad', 'i', 'got', 'the', '2x', 'it', 'is', 'snug', 'in', 'the', 'bust', '.']","['O', 'B-length', 'O', 'B-sleeve', 'O', 'O', 'O', 'O', 'O', 'O', 'O', 'O', 'O', 'O', 'O', 'O', 'O', 'O', 'O', 'B-chest', 'O']","['O', 'O', 'O', 'B-positive', 'O', 'O', 'O', 'O', 'O', 'O', 'O', 'O', 'O', 'O', 'O', 'O', 'O', 'O', 'O', 'B-negative', 'O']"
539980,8,3.0,a,,32,154.94,lisachristensen3,just right,fit,"['i', 'like', 'the', 'length', 'and', 'i', 'feel', 'like', 'a', 'small', 'might', 'have', 'not', 'been', 'as', 'easy', 'to', 'later', 'things', 'underneath', '.']","['O', 'O', 'O', 'B-length', 'O', 'O', 'O', 'O', 'O', 'O', 'O', 'O', 'O', 'O', 'O', 'O', 'O', 'O', 'O', 'O', 'O']","['O', 'O', 'O', 'B-positive', 'O', 'O', 'O', 'O', 'O', 'O', 'O', 'O', 'O', 'O', 'O', 'O', 'O', 'O', 'O', 'O', 'O']"
539980,8,5.0,c,40.0,36,162.56,Nikki,just right,fit,"['the', 'sleeves', 'are', 'the', 'perfect', '3/4', 'length', 'and', 'they', 'do', 'not', 'get', 'all', 'stretched', 'out', 'in', 'the', 'elbows', 'like', 'some', 'sweaters', 'do', '.', 'it', 'ends', 'perfectly', 'at', 'my', 'hip', 'and', 'it', 'is', 'the', 'perfect', 'size', '.']","['O', 'B-sleeve', 'O', 'O', 'O', 'O', 'O', 'O', 'O', 'O', 'O', 'O', 'O', 'O', 'O', 'O', 'O', 'O', 'O', 'O', 'O', 'O', 'O', 'O', 'O', 'O', 'O', 'O', 'B-length', 'O', 'O', 'O', 'O', 'O', 'B-overall', 'O']","['O', 'O', 'O', 'O', 'O', 'O', 'O', 'O', 'O', 'O', 'O', 'O', 'O', 'O', 'O', 'O', 'O', 'O', 'O', 'O', 'O', 'O', 'O', 'O', 'O', 'O', 'O', 'O', 'B-positive', 'O', 'O', 'O', 'O', 'O', 'B-positive', 'O']"
539980,20,3.0,c,41.0,34,167.64,valv54,just right,small,"['run', 'small', 'size', 'up.a', 'lot', ',', 'other', 'than', 'that', 'perfect']","['O', 'B-overall', 'O', 'O', 'O', 'O', 'O', 'O', 'O', 'O']","['O', 'B-negative', 'O', 'O', 'O', 'O', 'O', 'O', 'O', 'O']"
539980,12,3.0,c,,36,167.64,rosenfieldmarina,just right,small,"['i', 'would', 'recommend', 'to', 'order', 'a', 'size', 'up', 'if', 'you', 'plan', 'to', 'wear', 'it', 'buttoned', 'at', 'any', 'point', '.', 'do', 'not', 'worry', 'about', 'it', 'being', 'baggy', 'or', 'loose', '?', 'it', 'looks', 'and', 'fits', 'just', 'right', '.', 'i', 'think', 'i', 'was', 'surprised', 'by', 'it', 'having', '3/4', 'sleeve', '?', 'keep', 'that', 'in', 'mind', ',', 'as', 'well', '.']","['O', 'O', 'O', 'O', 'O', 'O', 'O', 'O', 'O', 'O', 'O', 'O', 'O', 'O', 'B-buttoned', 'O', 'O', 'O', 'O', 'O', 'O', 'O', 'O', 'O', 'O', 'O', 'O', 'O', 'O', 'O', 'O', 'O', 'B-overall', 'O', 'O', 'O', 'O', 'O', 'O', 'O', 'O', 'O', 'O', 'O', 'O', 'B-sleeve', 'O', 'O', 'O', 'O', 'O', 'O', 'O', 'O', 'O']","['O', 'O', 'O', 'O', 'O', 'O', 'O', 'O', 'O', 'O', 'O', 'O', 'O', 'O', 'B-negative', 'O', 'O', 'O', 'O', 'O', 'O', 'O', 'O', 'O', 'O', 'O', 'O', 'O', 'O', 'O', 'O', 'O', 'B-positive', 'O', 'O', 'O', 'O', 'O', 'O', 'O', 'O', 'O', 'O', 'O', 'O', 'B-neutral', 'O', 'O', 'O', 'O', 'O', 'O', 'O', 'O', 'O']"
539980,12,5.0,dd/e,47.0,38,162.56,Dana,just right,fit,"['i', 'like', 'keeping', 'them', 'unbuttoned', ',', 'i', 'am', 'aware', 'that', 'if', 'i', 'try', 'to', 'button', 'it', 'up', 'this', 'size', 'will', 'be', 'too', 'tight', 'for', 'me', '.']","['O', 'O', 'O', 'O', 'O', 'O', 'O', 'O', 'O', 'O', 'O', 'O', 'O', 'O', 'O', 'O', 'O', 'O', 'O', 'O', 'O', 'O', 'B-overall', 'O', 'O', 'O']","['O', 'O', 'O', 'O', 'O', 'O', 'O', 'O', 'O', 'O', 'O', 'O', 'O', 'O', 'O', 'O', 'O', 'O', 'O', 'O', 'O', 'O', 'B-negative', 'O', 'O', 'O']"
539980,12,3.0,c,,36,170.18,dawngreenwalt,slightly short,small,"['runs', 'small', 'but', 'i', 'love', 'it', '.']","['O', 'B-overall', 'O', 'O', 'O', 'O', 'O']","['O', 'B-negative', 'O', 'O', 'O', 'O', 'O']"
539980,4,5.0,b,,34,157.48,abrown.db88,just right,small,"['i', 'was', 'expecting', 'it', 'to', 'fit', 'snuggly', 'based', 'off', 'the', 'reviews', 'i', 'read', ',', 'and', 'that', 'is', 'what', 'i', 'wanted', 'so', 'it', 'worked', 'out', 'perfectly', '!']","['O', 'O', 'O', 'O', 'O', 'B-overall', 'O', 'O', 'O', 'O', 'O', 'O', 'O', 'O', 'O', 'O', 'O', 'O', 'O', 'O', 'O', 'O', 'O', 'O', 'O', 'O']","['O', 'O', 'O', 'O', 'O', 'B-positive', 'O', 'O', 'O', 'O', 'O', 'O', 'O', 'O', 'O', 'O', 'O', 'O', 'O', 'O', 'O', 'O', 'O', 'O', 'O', 'O']"
539980,20,5.0,dd/e,,36,162.56,cate4404,just right,fit,"['perfect', '3/4', 'sleeve', 'cardigan', '!']","['O', 'O', 'B-sleeve', 'O', 'O']","['O', 'O', 'B-positive', 'O', 'O']"
539980,20,5.0,d,44.0,38,152.4,Becky,just right,fit,"['i', 'love', 'the', 'fit', 'and', 'color', '.']","['O', 'O', 'O', 'B-overall', 'O', 'O', 'O']","['O', 'O', 'O', 'B-positive', 'O', 'O', 'O']"
539980,12,5.0,d,,40,160.02,sacha.azor,slightly short,fit,"['i', 'do', 'wish', 'the', 'sleeves', 'were', 'full', 'length', 'instead', 'of', '3/4', ',', 'but', 'it', 'is', 'so', 'soft', 'and', 'comfortable', 'i', 'do', 'not', 'really', 'mind', '.']","['O', 'O', 'O', 'O', 'B-sleeve_indirect', 'O', 'O', 'O', 'O', 'O', 'O', 'O', 'O', 'O', 'O', 'O', 'O', 'O', 'O', 'O', 'O', 'O', 'O', 'O', 'O']","['O', 'O', 'O', 'O', 'B-negative', 'O', 'O', 'O', 'O', 'O', 'O', 'O', 'O', 'O', 'O', 'O', 'O', 'O', 'O', 'O', 'O', 'O', 'O', 'O', 'O']"
539980,26,4.0,dd/e,,44,170.18,p.perdomo,just right,small,"['i', 'thought', 'it', 'was', 'a', 'little', 'small', 'i', 'should', 'of', 'gotten', 'a', '3x', '.']","['O', 'O', 'O', 'O', 'O', 'O', 'B-overall', 'O', 'O', 'O', 'O', 'O', 'O', 'O']","['O', 'O', 'O', 'O', 'O', 'O', 'B-negative', 'O', 'O', 'O', 'O', 'O', 'O', 'O']"
539980,8,3.0,d,38.0,34,157.48,Christina,slightly short,small,"['little', 'on', 'the', 'small', 'side', 'but', 'a', 'nice', 'basic', 'cute', 'cardigan', '.']","['O', 'O', 'O', 'B-overall', 'O', 'O', 'O', 'O', 'O', 'O', 'O', 'O']","['O', 'O', 'O', 'B-negative', 'O', 'O', 'O', 'O', 'O', 'O', 'O', 'O']"
539980,20,3.0,b,45.0,34,162.56,brodykate,just right,large,"['i', 'bought', 'this', 'a', 'bit', 'big', 'but', 'it', 'is', 'a', 'great', 'colour', 'and', 'quality', '.']","['O', 'O', 'O', 'O', 'O', 'B-overall', 'O', 'O', 'O', 'O', 'O', 'O', 'O', 'O', 'O']","['O', 'O', 'O', 'O', 'O', 'B-negative', 'O', 'O', 'O', 'O', 'O', 'O', 'O', 'O', 'O']"
539980,32,4.0,ddd/f,50.0,40,165.1,Krista,just right,small,"['definitely', 'size', 'up', ',', 'unless', 'you', 'want', 'a', 'super', 'snug', 'fit', '.', 'i', 'never', 'button', 'up', 'my', 'cardigan', ',', 'but', 'if', 'you', 'do', ',', 'you', 'may', 'want', 'to', 'size', 'up', 'a', 'couple', 'of', 'sizes', 'if', 'you', 'have', 'a', 'big', 'bust', '.']","['O', 'O', 'O', 'O', 'O', 'O', 'O', 'O', 'O', 'O', 'B-overall', 'O', 'O', 'O', 'O', 'O', 'O', 'O', 'O', 'O', 'O', 'O', 'O', 'O', 'O', 'O', 'O', 'O', 'O', 'O', 'O', 'O', 'O', 'O', 'O', 'O', 'O', 'O', 'O', 'B-chest', 'O']","['O', 'O', 'O', 'O', 'O', 'O', 'O', 'O', 'O', 'O', 'B-negative', 'O', 'O', 'O', 'O', 'O', 'O', 'O', 'O', 'O', 'O', 'O', 'O', 'O', 'O', 'O', 'O', 'O', 'O', 'O', 'O', 'O', 'O', 'O', 'O', 'O', 'O', 'O', 'O', 'B-negative', 'O']"
539980,4,5.0,a,35.0,32,152.4,Luisa,just right,fit,"['the', 'length', 'is', 'just', 'right', 'and', 'it', 'fits', 'perfectly', '?']","['O', 'B-length', 'O', 'O', 'O', 'O', 'O', 'B-overall', 'O', 'O']","['O', 'O', 'O', 'O', 'O', 'O', 'O', 'B-positive', 'O', 'O']"
539980,12,4.0,d,44.0,36,160.02,acrundle,just right,small,"['only', 'complaint', 'is', 'it', 'runs', 'a', 'little', 'small']","['O', 'O', 'O', 'O', 'O', 'O', 'O', 'B-overall']","['O', 'O', 'O', 'O', 'O', 'O', 'O', 'B-negative']"
539980,38,3.0,ddd/f,55.0,48,162.56,allison,just right,small,"['super', 'thin', 'material', 'and', 'incredibly', 'tight', 'in', 'the', 'arms']","['O', 'O', 'O', 'O', 'O', 'O', 'O', 'O', 'B-sleeve']","['O', 'O', 'O', 'O', 'O', 'O', 'O', 'O', 'B-negative']"
539980,12,3.0,c,,36,162.56,ModLover,just right,small,"['it', 'was', 'still', 'too', 'small', 'across', 'the', 'chest', 'and', 'the', 'litle', 'band', 'in', 'front', 'was', 'a', 'zig', 'zag', 'when', 'buttoned', '.']","['O', 'O', 'O', 'O', 'O', 'O', 'O', 'B-chest', 'O', 'O', 'O', 'O', 'O', 'O', 'O', 'O', 'O', 'O', 'O', 'B-buttoned', 'O']","['O', 'O', 'O', 'O', 'O', 'O', 'O', 'B-negative', 'O', 'O', 'O', 'O', 'O', 'O', 'O', 'O', 'O', 'O', 'O', 'B-negative', 'O']"
539980,12,5.0,dd/e,,40,167.64,trenessa,just right,small,"['the', 'cardigan', 'is', 'a', 'tad', 'small', 'but', 'i', 'decided', 'to', 'keep', 'it', 'because', 'i', 'think', 'the', 'xl', 'would', 'just', 'hang', '.']","['O', 'O', 'O', 'O', 'O', 'B-overall', 'O', 'O', 'O', 'O', 'O', 'O', 'O', 'O', 'O', 'O', 'O', 'O', 'O', 'O', 'O']","['O', 'O', 'O', 'O', 'O', 'B-negative', 'O', 'O', 'O', 'O', 'O', 'O', 'O', 'O', 'O', 'O', 'O', 'O', 'O', 'O', 'O']"
539980,8,5.0,c,,34,162.56,Elizabeth A. J.,slightly short,small,"['fits', 'rather', 'small', '.']","['O', 'O', 'B-overall', 'O']","['O', 'O', 'B-negative', 'O']"
539980,4,4.0,b,,34,167.64,Katie,just right,fit,"['the', 'color', 'is', 'bold', 'but', 'not', 'glaring', ',', 'and', 'the', 'fit', 'of', 'the', 'sweater', 'is', 'very', 'cute', '.']","['O', 'O', 'O', 'O', 'O', 'O', 'O', 'O', 'O', 'O', 'B-overall', 'O', 'O', 'O', 'O', 'O', 'O', 'O']","['O', 'O', 'O', 'O', 'O', 'O', 'O', 'O', 'O', 'O', 'B-positive', 'O', 'O', 'O', 'O', 'O', 'O', 'O']"
539980,32,3.0,dd/e,49.0,48,160.02,janetelewis,slightly long,fit,"['i', 'have', 'a', 'short', 'torso', 'and', 'this', 'cardi', 'seems', 'a', 'bit', 'long', 'on', 'me', '.']","['O', 'O', 'O', 'O', 'O', 'O', 'O', 'O', 'O', 'O', 'O', 'B-length', 'O', 'O', 'O']","['O', 'O', 'O', 'O', 'O', 'O', 'O', 'O', 'O', 'O', 'O', 'B-negative', 'O', 'O', 'O']"
539980,20,4.0,dd/e,,44,162.56,jbree22,just right,small,"['did', 'not', 'notice', 'the', 'plus', 'sizes', 'run', 'small', 'so', 'buttoned', 'up', 'this', 'looks', 'weird', '.', 'to', 'small', 'for', 'my', 'hips', '.']","['O', 'O', 'O', 'O', 'O', 'O', 'O', 'B-overall', 'O', 'B-buttoned', 'O', 'O', 'O', 'O', 'O', 'O', 'O', 'O', 'O', 'B-hip', 'O']","['O', 'O', 'O', 'O', 'O', 'O', 'O', 'B-negative', 'O', 'B-negative', 'O', 'O', 'O', 'O', 'O', 'O', 'O', 'O', 'O', 'B-negative', 'O']"
539980,12,4.0,c,42.0,36,157.48,Kelsey,just right,fit,"['this', 'cardigan', 'is', 'a', 'dream', 'the', 'length', 'of', 'the', 'body', 'and', 'sleeves', 'is', 'perfect', 'and', 'the', 'quality', 'of', 'the', 'fabric', 'is', 'perfect', '!']","['O', 'O', 'O', 'O', 'O', 'O', 'B-length', 'O', 'O', 'O', 'O', 'B-sleeve', 'O', 'O', 'O', 'O', 'O', 'O', 'O', 'O', 'O', 'O', 'O']","['O', 'O', 'O', 'O', 'O', 'O', 'B-positive', 'O', 'O', 'O', 'O', 'B-positive', 'O', 'O', 'O', 'O', 'O', 'O', 'O', 'O', 'O', 'O', 'O']"
539980,26,4.0,dd/e,43.0,40,162.56,crsemchuk,just right,small,"['it', 'was', 'a', 'little', 'bit', 'small', 'for', 'me', '.', 'i', 'like', 'to', 'be', 'able', 'to', 'button', 'my', 'cardigans', 'all', 'the', 'way', 'up', ',', 'but', 'it', 'did', 'not', 'look', 'as', 'flattering', 'as', 'i', 'would', 'have', 'hoped', '.']","['O', 'O', 'O', 'O', 'O', 'B-overall', 'O', 'O', 'O', 'O', 'O', 'O', 'O', 'O', 'O', 'B-buttoned_indirect', 'O', 'O', 'O', 'O', 'O', 'O', 'O', 'O', 'O', 'O', 'O', 'O', 'O', 'O', 'O', 'O', 'O', 'O', 'O', 'O']","['O', 'O', 'O', 'O', 'O', 'B-negative', 'O', 'O', 'O', 'O', 'O', 'O', 'O', 'O', 'O', 'B-negative', 'O', 'O', 'O', 'O', 'O', 'O', 'O', 'O', 'O', 'O', 'O', 'O', 'O', 'O', 'O', 'O', 'O', 'O', 'O', 'O']"
539980,32,4.0,ddd/f,53.0,42,162.56,Mollie,slightly short,small,"['it', 'runs', 'very', 'small', '.', 'i', 'tend', 'to', 'where', 'a', '2x', 'in', 'tops', ';', '3x', 'if', 'it', 'runs', 'small', ',', 'but', 'this', 'does', 'not', 'even', 'come', 'close', 'to', 'buttoning', '.', 'it', 'is', 'well', 'made', 'and', 'i', 'love', 'the', 'color', ',', 'but', 'it', 'is', 'also', 'a', 'bit', 'too', 'short', 'for', 'my', 'taste', '.']","['O', 'O', 'O', 'B-overall', 'O', 'O', 'O', 'O', 'O', 'O', 'O', 'O', 'O', 'O', 'O', 'O', 'O', 'O', 'O', 'O', 'O', 'O', 'O', 'O', 'O', 'O', 'O', 'O', 'B-buttoned', 'O', 'O', 'O', 'O', 'O', 'O', 'O', 'O', 'O', 'O', 'O', 'O', 'O', 'O', 'O', 'O', 'O', 'O', 'B-length', 'O', 'O', 'O', 'O']","['O', 'O', 'O', 'B-negative', 'O', 'O', 'O', 'O', 'O', 'O', 'O', 'O', 'O', 'O', 'O', 'O', 'O', 'O', 'O', 'O', 'O', 'O', 'O', 'O', 'O', 'O', 'O', 'O', 'B-negative', 'O', 'O', 'O', 'O', 'O', 'O', 'O', 'O', 'O', 'O', 'O', 'O', 'O', 'O', 'O', 'O', 'O', 'O', 'B-negative', 'O', 'O', 'O', 'O']"
539980,4,4.0,a,35.0,32,167.64,Mary Beth,just right,fit,"['the', 'arms', 'are', 'a', 'little', 'longer', 'than', 'i', 'thought', 'they', 'would', 'be', ',', 'but', 'it', 'looks', 'like', 'a', '3/4', 'sleeve', 'if', 'you', 'pull', 'them', 'up', 'just', 'a', 'tad', '.']","['O', 'B-sleeve', 'O', 'O', 'O', 'O', 'O', 'O', 'O', 'O', 'O', 'O', 'O', 'O', 'O', 'O', 'O', 'O', 'O', 'O', 'O', 'O', 'O', 'O', 'O', 'O', 'O', 'O', 'O']","['O', 'B-negative', 'O', 'O', 'O', 'O', 'O', 'O', 'O', 'O', 'O', 'O', 'O', 'O', 'O', 'O', 'O', 'O', 'O', 'O', 'O', 'O', 'O', 'O', 'O', 'O', 'O', 'O', 'O']"
539980,26,3.0,ddd/f,50.0,40,170.18,kvines42,just right,fit,"['i', 'love', 'the', 'color', 'and', 'the', 'fit', '.']","['O', 'O', 'O', 'O', 'O', 'O', 'B-overall', 'O']","['O', 'O', 'O', 'O', 'O', 'O', 'B-positive', 'O']"
539980,1,4.0,a,,32,154.94,biancaannabel,just right,fit,"['sleeve', 'is', 'a', 'great', 'length', ',', 'especially', 'if', 'you', 'wear', 'a', 'watch', 'and', 'bracelets', 'everyday', '.']","['B-sleeve', 'O', 'O', 'O', 'O', 'O', 'O', 'O', 'O', 'O', 'O', 'O', 'O', 'O', 'O', 'O']","['O', 'O', 'O', 'O', 'O', 'O', 'O', 'O', 'O', 'O', 'O', 'O', 'O', 'O', 'O', 'O']"
539980,32,5.0,d,51.0,44,152.4,Helene,slightly long,large,"['a', 'tad', 'long', 'on', 'my', 'short', 'frame', ',', 'of', 'course', ',', 'but', 'nothing', 'terrible', '.']","['O', 'O', 'B-length', 'O', 'O', 'O', 'O', 'O', 'O', 'O', 'O', 'O', 'O', 'O', 'O']","['O', 'O', 'B-negative', 'O', 'O', 'O', 'O', 'O', 'O', 'O', 'O', 'O', 'O', 'O', 'O']"
539980,20,5.0,d,50.0,38,157.48,Megan,just right,large,"['when', 'i', 'got', 'the', 'cardigan', 'it', 'was', 'really', 'big', 'though', '.', 'perfect', 'as', 'a', 'slouchy', ',', 'longer', 'cardi', 'with', 'jeans', 'and', 'a', 'tshirt', ',', 'but', 'it', 'is', 'way', 'to', 'big', 'to', 'wear', 'with', 'dresses', 'and', 'look', 'cute', '.', 'i', 'ordered', 'the', 'large', 'the', 'next', 'time', 'around', 'and', 'that', 'fit', 'perfectly', '.']","['O', 'O', 'O', 'O', 'O', 'O', 'O', 'O', 'B-overall', 'O', 'O', 'O', 'O', 'O', 'O', 'O', 'O', 'O', 'O', 'O', 'O', 'O', 'O', 'O', 'O', 'O', 'O', 'O', 'O', 'B-overall', 'O', 'O', 'O', 'O', 'O', 'O', 'O', 'O', 'O', 'O', 'O', 'O', 'O', 'O', 'O', 'O', 'O', 'O', 'B-overall', 'O', 'O']","['O', 'O', 'O', 'O', 'O', 'O', 'O', 'O', 'B-negative', 'O', 'O', 'O', 'O', 'O', 'O', 'O', 'O', 'O', 'O', 'O', 'O', 'O', 'O', 'O', 'O', 'O', 'O', 'O', 'O', 'B-negative', 'O', 'O', 'O', 'O', 'O', 'O', 'O', 'O', 'O', 'O', 'O', 'O', 'O', 'O', 'O', 'O', 'O', 'O', 'B-positive', 'O', 'O']"
539980,20,5.0,c,,36,157.48,Laura,just right,fit,"['it', 'was', 'the', 'perfect', 'fit', 'and', 'the', 'perfect', 'color', '!']","['O', 'O', 'O', 'O', 'B-overall', 'O', 'O', 'O', 'O', 'O']","['O', 'O', 'O', 'O', 'B-positive', 'O', 'O', 'O', 'O', 'O']"
539980,26,5.0,d,,38,167.64,ccjackie,just right,small,"['i', 'sized', 'down', 'but', 'it', 'is', 'a', 'little', 'too', 'small', 'for', 'me', '.']","['O', 'O', 'O', 'O', 'O', 'O', 'O', 'O', 'O', 'B-overall', 'O', 'O', 'O']","['O', 'O', 'O', 'O', 'O', 'O', 'O', 'O', 'O', 'B-negative', 'O', 'O', 'O']"
539980,8,5.0,d,,32,154.94,noodlehair1528,just right,small,"['they', 'do', 'run', 'small', '.']","['O', 'O', 'O', 'B-overall_indirect', 'O']","['O', 'O', 'O', 'B-negative', 'O']"
539980,38,4.0,dd/e,,44,165.1,huffmanerachel,just right,fit,"['it', 'does', 'not', 'button', 'up', 'well', 'for', 'me', 'but', 'my', 'bust', 'makes', 'things', 'that', 'button', 'very', 'uncomfortable', 'with', 'their', 'place', 'in', 'the', 'world', ',', 'so', 'i', 'generally', 'only', 'button', 'half', 'way', 'or', 'leave', 'it', 'open', '.']","['O', 'O', 'O', 'O', 'O', 'O', 'O', 'O', 'O', 'O', 'B-chest', 'O', 'O', 'O', 'O', 'O', 'O', 'O', 'O', 'O', 'O', 'O', 'O', 'O', 'O', 'O', 'O', 'O', 'O', 'O', 'O', 'O', 'O', 'O', 'O', 'O']","['O', 'O', 'O', 'O', 'O', 'O', 'O', 'O', 'O', 'O', 'B-negative', 'O', 'O', 'O', 'O', 'O', 'O', 'O', 'O', 'O', 'O', 'O', 'O', 'O', 'O', 'O', 'O', 'O', 'O', 'O', 'O', 'O', 'O', 'O', 'O', 'O']"
539980,4,4.0,b,,32,167.64,tmdiegoli,just right,fit,"['really', 'cute', 'and', 'a', 'nice', 'fit', '.']","['O', 'O', 'O', 'O', 'O', 'B-overall', 'O']","['O', 'O', 'O', 'O', 'O', 'B-positive', 'O']"
539980,12,4.0,d,,36,177.8,Rebecca,just right,small,"['definitely', 'runs', 'a', 'little', 'small', 'but', 'it', 'is', 'a', 'great', 'quality', '.']","['O', 'O', 'O', 'O', 'B-overall', 'O', 'O', 'O', 'O', 'O', 'O', 'O']","['O', 'O', 'O', 'O', 'B-negative', 'O', 'O', 'O', 'O', 'O', 'O', 'O']"
539980,8,2.0,d,36.0,34,154.94,amy.k.everhart,slightly short,small,"['the', 'color', 'is', 'stunning', ',', 'but', 'the', 'fit', 'just', 'does', 'not', 'work', 'on', 'me', '.']","['O', 'O', 'O', 'O', 'O', 'O', 'O', 'B-overall', 'O', 'O', 'O', 'O', 'O', 'O', 'O']","['O', 'O', 'O', 'O', 'O', 'O', 'O', 'B-negative', 'O', 'O', 'O', 'O', 'O', 'O', 'O']"
539980,12,3.0,dd/e,35.0,36,157.48,Roseabelle,slightly long,large,"['i', 'am', 'petite', 'so', 'i', 'wish', 'this', 'came', 'in', 'a', 'petit', 'cut', 'as', 'it', 'is', 'a', 'little', 'long', 'on', 'me', '.']","['O', 'O', 'O', 'O', 'O', 'O', 'O', 'O', 'O', 'O', 'O', 'O', 'O', 'O', 'O', 'O', 'O', 'B-length', 'O', 'O', 'O']","['O', 'O', 'O', 'O', 'O', 'O', 'O', 'O', 'O', 'O', 'O', 'O', 'O', 'O', 'O', 'O', 'O', 'B-negative', 'O', 'O', 'O']"
539980,20,4.0,d,45.0,40,165.1,Barb,just right,small,"['its', 'small', 'access', 'the', 'chest', ',', 'but', 'i', 'never', 'do', 'up', 'cardigans', ',', 'so', 'it', 'is', 'okay', 'for', 'me', '.']","['O', 'O', 'O', 'O', 'B-chest', 'O', 'O', 'O', 'O', 'O', 'O', 'O', 'O', 'O', 'O', 'O', 'O', 'O', 'O', 'O']","['O', 'O', 'O', 'O', 'B-negative', 'O', 'O', 'O', 'O', 'O', 'O', 'O', 'O', 'O', 'O', 'O', 'O', 'O', 'O', 'O']"
539980,4,4.0,d,34.0,32,162.56,Rachel,slightly long,large,"['it', 'is', 'a', 'little', 'larger', 'and', 'a', 'little', 'longer', 'than', 'i', 'had', 'expected', '.']","['O', 'O', 'O', 'O', 'B-overall', 'O', 'O', 'O', 'B-length', 'O', 'O', 'O', 'O', 'O']","['O', 'O', 'O', 'O', 'B-negative', 'O', 'O', 'O', 'B-negative', 'O', 'O', 'O', 'O', 'O']"
539980,8,5.0,c,49.0,36,167.64,mpiro90,slightly long,large,"['they', 'run', 'a', 'little', 'big', 'for', 'me', '.']","['O', 'O', 'O', 'O', 'B-overall', 'O', 'O', 'O']","['O', 'O', 'O', 'O', 'B-negative', 'O', 'O', 'O']"
